"prop_gent","Site","City"
0,"ALIB","ahga"
0.355849439688472,"ARPT","ahga"
0.0378414080662197,"BARN","ahga"
0,"BBPK","ahga"
0,"BHVN","ahga"
0.0423647340459698,"BZOO","ahga"
0,"CSHS","ahga"
0,"CVMD","ahga"
0.0221658188215212,"DCKR","ahga"
0,"DUDP","ahga"
0,"DXBH","ahga"
0.00230652978961707,"FIRE","ahga"
0.019165877941044,"HALP","ahga"
0.0181404576473296,"LDFN","ahga"
0,"LDFS","ahga"
0,"MBRD","ahga"
0,"NDA1","ahga"
0.123118190052451,"NOWR","ahga"
0,"RDIO","ahga"
0,"RHDR","ahga"
0.131733259308012,"SEPK","ahga"
0.315130044829145,"STPK","ahga"
0,"UGACF","ahga"
0,"UGDF","ahga"
0.285743986678294,"UGLH","ahga"
0.0611066517160038,"UGRC","ahga"
0.170452156187041,"WARN","ahga"
0,"WSBS","ahga"
0.264994413429916,"AB","baca"
0,"BT","baca"
0,"CB","baca"
0.0757242259191323,"CR","baca"
0,"DK","baca"
0.309877829121045,"DY","baca"
0,"EN","baca"
0,"GT","baca"
0,"H18","baca"
0,"HBT","baca"
0,"HT","baca"
0,"MA","baca"
0,"MT","baca"
0.454274199948873,"MY","baca"
0,"PER","baca"
0.0132932430627693,"SFCA-001-GGP2","baca"
0,"SFCA-C01-BVA1","baca"
0.0636301900751963,"SFCA-C01-GGP3","baca"
0,"SFCA-C01-GGP4","baca"
0,"SFCA-C01-PRE1","baca"
0,"SFCA-C01-PRE2","baca"
0,"SFCA-C01-USF1","baca"
0,"SFCA-C02-DOU1","baca"
0.0563873989214532,"SFCA-C02-GLN1","baca"
0,"SFCA-C02-IGB1","baca"
0,"SFCA-C02-LGH1","baca"
0,"SFCA-C02-MTD1","baca"
0.259709037461939,"SFCA-C03-ALA1","baca"
0.0376649647771835,"SFCA-C03-BER1","baca"
0.19745160884008,"SFCA-C03-BVH1","baca"
0.110737362751726,"SFCA-C03-JMP1","baca"
0.103176868468623,"SFCA-C03-JMP2","baca"
0.0678557791261655,"SFCA-C03-JMP3","baca"
0.0917400674838224,"SFCA-D01-PIO1","baca"
0.00110366216779457,"SFCA-D01-POT1","baca"
0.076367262295223,"SFCA-D01-RUS1","baca"
0.09330012767709,"SFCA-O01-GGP1","baca"
0.00215373193250265,"SFCA-O01-LPK1","baca"
0,"SFCA-O01-LPK2","baca"
0.0700377142576143,"SFCA-O01-SUN1","baca"
0,"SFCA-O02-BRO1","baca"
0,"SFCA-O02-LKM1","baca"
0,"SFCA-O02-LKM2","baca"
0,"SFCA-O02-PLK1","baca"
0.21723752198157,"SFCA-O02-WSN1","baca"
0.000725775311651547,"WP","baca"
0,"ALN","boma"
0.255543445227657,"ARB1","boma"
0.359603983691461,"ARB2","boma"
0,"BDL","boma"
0,"BNC","boma"
0,"BRA","boma"
0,"BRD1","boma"
0,"BRD2","boma"
0.0578919231948051,"BRT","boma"
0,"BSU","boma"
0,"DAN","boma"
0,"EVR","boma"
0.38693213777383,"FRPO1","boma"
0.00855117611942997,"FRPO2","boma"
0.203659398609965,"FVW","boma"
0.197632945923699,"GLD","boma"
0,"GRT","boma"
0,"HAB","boma"
0.0969431765136404,"HAL","boma"
0.0859098077991515,"MTA","boma"
0,"MUS","boma"
0,"PKN","boma"
0.170488475640312,"SRN","boma"
0.344976613233053,"STN","boma"
0,"STR","boma"
0,"TKR","boma"
0.117402999244862,"ZNE","boma"
0.00393034271483896,"C04-MBP1","chil"
0,"C05-BMP1","chil"
0,"C05-BMP2","chil"
0.0624201384469462,"C05-SPA1","chil"
0.669783543347044,"C06-HMP1","chil"
0,"D02-BMT1","chil"
0.881939207505737,"D02-HUP0","chil"
0,"D02-JBS1","chil"
0.645795439122898,"D02-MOP1","chil"
0.491479334555112,"D02-RCP1","chil"
0.447598570456025,"D02-SCP1","chil"
0.12087035768988,"D03-AFP1","chil"
0.362204657140077,"D03-AMP1","chil"
0.353511229838272,"D03-CHP1","chil"
0.404737986580324,"D03-GOM1","chil"
0,"D03-NPV1","chil"
0.246974115039654,"D03-STB1","chil"
0.350396581114472,"D04-DNP1","chil"
0.00141792826839163,"D04-EDW0","chil"
0.0143974721454982,"D04-RDP1","chil"
0,"D04-ROS0","chil"
0,"D05-ADC2","chil"
0,"D05-BRP1","chil"
0.0201572541654952,"D05-MIA1","chil"
0,"D05-PRC1","chil"
0,"D06-KCG1","chil"
0,"D07-ASC0","chil"
0,"D07-NOC1","chil"
0,"D08-CCC1","chil"
0.525628160156414,"D08-DAW0","chil"
0.643744863977623,"D08-DAW2","chil"
0,"D09-CLG0","chil"
0,"D09-RYW1","chil"
0,"D09-VTC1","chil"
0,"D10-CAN0","chil"
0,"D10-MAC1","chil"
0,"D10-VHC1","chil"
0.615257715999291,"J01-BBS1","chil"
0.347474691055931,"J01-LMP1","chil"
0,"J01-NOR1","chil"
0.375455167539608,"J01-SEP1","chil"
0,"J01-SKP1","chil"
0.0844587843715103,"J01-UIC1","chil"
0.386266547033617,"R02-DPG1","chil"
0.255035850407049,"R02-FRP1","chil"
0.112849295627964,"R02-HRF1","chil"
0.0128871303919409,"R03-AUP1","chil"
0.22271019495361,"R03-CPG1","chil"
0.254012162181782,"R03-EUC1","chil"
0.588213420643199,"R03-MAP1","chil"
0.380288601116342,"R04-MMW0","chil"
0.791368461380465,"R04-MMW3","chil"
0.320571666542918,"R04-SCH1","chil"
0,"R05-FMG1","chil"
0,"R05-GOC1","chil"
0.322382301273189,"R05-STP1","chil"
0,"R06-OTB1","chil"
0,"R06-SLT2","chil"
0,"R06-YOW1","chil"
0,"R07-FSP1","chil"
0,"R07-GOF1","chil"
0,"R07-MMP1","chil"
0,"R07-YHR1","chil"
0,"R08-DAP1","chil"
0,"R08-PAP1","chil"
0,"R08-VLG1","chil"
0,"R08-WBK1","chil"
0,"R09-BLW1","chil"
0,"R09-CTG0","chil"
0,"R09-LIM0","chil"
0,"R09-SMI1","chil"
0,"R10-FRM1","chil"
0,"R10-FRM2","chil"
0,"R10-WCP0","chil"
0.305385913078727,"R10-WDW0","chil"
0.249505640748825,"S02-BNS1","chil"
0.0938701456876661,"S02-BRI1","chil"
0.104229753490853,"S02-PIP1","chil"
0.464219804216238,"S02-PLP1","chil"
0.360274320275634,"S02-TNW1","chil"
0,"S03-JKP2","chil"
0.566488615793935,"S03-LCP1","chil"
0.209670774514399,"S03-PSP1","chil"
0.362781854445529,"S03-VIP1","chil"
0.00147441452592646,"S03-WAP1","chil"
0.0953497283979351,"S04-HAP1","chil"
0.355562482664443,"S04-OTW1","chil"
0,"S04-SSP1","chil"
0,"S05-LNC1","chil"
0,"S05-RES1","chil"
0,"S05-SFP0","chil"
0,"S06-CBW0","chil"
0,"S07-ARG1","chil"
0,"S07-ARG2","chil"
0,"S07-STJ1","chil"
0,"S08-WGL1","chil"
0,"S08-WGL3","chil"
0,"S09-KTP1","chil"
0,"S09-SMC1","chil"
0,"S09-VTW0","chil"
0,"S10-ILC1","chil"
0.159547035848267,"S10-LEW1","chil"
0,"S10-LPC1","chil"
0.657136640952388,"S10-LPP0","chil"
0,"E01-CHE1","deco"
0,"E01-CON1","deco"
0.25479390517946,"E01-CPE1","deco"
0.161170323912854,"E01-CPW1","deco"
0.148960590814868,"E01-SGP1","deco"
0.362594046500864,"E02-FTP1","deco"
0,"E02-LIN1","deco"
0.589110257622173,"E02-MCN1","deco"
0.142531340657173,"E02-MON1","deco"
0.510295681740063,"E02-VER1","deco"
0,"E03-CWP1","deco"
0.111912095677779,"E03-DMP1","deco"
0.141455887527737,"E03-GEN1","deco"
0,"E03-SAC1","deco"
0.0825782789739142,"E03-SPG1","deco"
0,"E04-APM1","deco"
0,"E04-SCR1","deco"
0,"E04-SKE1","deco"
0,"E04-SKW1","deco"
0,"E04-TER1","deco"
0.20365920553304,"W01-BAR1","deco"
0.35907639305321,"W01-GCP1","deco"
0,"W01-LIP1","deco"
0.265060672213308,"W01-MAR1","deco"
0.149092423169116,"W01-SLP1","deco"
0,"W02-CHP1","deco"
0,"W02-HOL1","deco"
0.189234061834665,"W02-MOR1","deco"
0,"W02-SUN1","deco"
0.332734192361879,"W02-WBP1","deco"
0,"W03-CPP1","deco"
0,"W03-DAN1","deco"
0,"W03-GRA1","deco"
0.125009079820801,"W03-MGP1","deco"
0,"W04-APE1","deco"
0.92369915300253,"W04-PVP1","deco"
0.542052157861399,"W04-STM1","deco"
0.679753270505405,"W04-WES1","deco"
0,"W04-WSP1","deco"
0,"BELP","hote"
1,"CCEC1","hote"
0,"CHMP","hote"
0.402903050436273,"CULP","hote"
0,"FHNA","hote"
0.641094231715916,"FONP","hote"
0,"GCGC","hote"
0.0341535090066884,"GLWC","hote"
0.72212926576032,"GWGC","hote"
0,"HANC","hote"
0,"HBSP","hote"
0.0484923733868084,"HPGC","hote"
0,"HUNP","hote"
0,"LGRP","hote"
0.0832883557024601,"MGP","hote"
0,"MOCC","hote"
0,"MPNA1","hote"
0,"MPNA2","hote"
0,"ROSP","hote"
0,"SCRNT","hote"
0,"SOPC","hote"
0,"SPTP","hote"
0.0958519150231689,"UHBW","hote"
0.251738518344122,"UHSP","hote"
0,"WCJP","hote"
0.426558627674195,"M01-PRG1","inin"
0.00433911906809687,"M02-BCF1","inin"
0.476053171865164,"M02-OBP1","inin"
0.977431672647613,"M02-SBP2","inin"
0.595152753330105,"M03-FCP1","inin"
0.346772620383332,"M03-GWP1","inin"
0.0593597216933974,"M03-ISD1","inin"
0.0830770738544611,"M04-BAS1","inin"
0,"M04-FRP1","inin"
0,"M04-MAP1","inin"
0,"M05-ISB2","inin"
0,"M05-SGC1","inin"
0,"M06-MCP1","inin"
0,"M06-PGC1","inin"
0,"M07-CAC1","inin"
0,"M07-CCT1","inin"
0,"M07-WFD1","inin"
0,"M08-FTP1","inin"
0,"M08-MMT2","inin"
0,"M08-WGP1","inin"
0.495671279933432,"W01-GFP3","inin"
0.300235190308955,"W01-HCC1","inin"
0,"W01-WRG1","inin"
0.43925107791008,"W02-CRS2","inin"
0.490721220296615,"W02-EMP1","inin"
0.3906140734375,"W02-IZO3","inin"
0.615037265281111,"W03-CHC1","inin"
0,"W03-MEL1","inin"
0.0371477705413601,"W03-RGC1","inin"
0.43072040644036,"W04-JSP1","inin"
0.133138367348703,"W04-ROW1","inin"
0.57080348801384,"W04-WPC1","inin"
0.0416302831844301,"W05-CPE1","inin"
0,"W05-IHS1","inin"
0,"W06-CNP1","inin"
0,"W06-UHS1","inin"
0,"W07-INA1","inin"
0,"W07-UES2","inin"
0,"W07-WAF1","inin"
0,"W08-NST3","inin"
0,"W08-ROS1","inin"
0,"A01-RES1","ioio"
0,"A01-WMA1","ioio"
0,"A01-WMA2","ioio"
0,"A01-WMA3","ioio"
0,"A02-FUH1","ioio"
0,"A02-MET1","ioio"
0,"A02-RES2","ioio"
0,"A02-WMA4","ioio"
0,"A03-CNA1","ioio"
0,"A03-JOY1","ioio"
0,"A03-YSC1","ioio"
0,"A04-AUB1","ioio"
0,"A04-DOV1","ioio"
0,"A04-PEN1","ioio"
0,"A04-WAT1","ioio"
0.275110317708889,"A05-BEN1","ioio"
0,"A05-CRE1","ioio"
0,"A05-SAN1","ioio"
0,"A05-SHI1","ioio"
0.0829711739145035,"A06-SHP1","ioio"
0,"A06-SYC1","ioio"
0,"A06-SYC2","ioio"
0.206682838227085,"A06-TTB1","ioio"
0,"A07-CCG2","ioio"
0,"A07-UIO1","ioio"
0,"A08-PET1","ioio"
0,"A08-RES3","ioio"
0,"A08-RES4","ioio"
0,"A08-TCP1","ioio"
0,"A09-HRP1","ioio"
0,"A09-KEN1","ioio"
0,"A09-TOK1","ioio"
0.154906400710958,"A09-WCP1","ioio"
0,"A10-ACT1","ioio"
0,"A10-GIL1","ioio"
0,"A10-HHP1","ioio"
0.113778140766022,"A10-HPR1","ioio"
0.139631970631637,"ALP","jams"
0.887903117592385,"BAP","jams"
0,"BGP","jams"
0,"BOP","jams"
0,"BRP","jams"
0.218897623833618,"CHS","jams"
0,"CLN","jams"
0,"CON","jams"
0,"CRN","jams"
0.222941311460829,"FOP","jams"
0.154648025057723,"FRP","jams"
0.283731528673347,"GAS","jams"
0.144348496489564,"GRC","jams"
0,"GRN","jams"
0,"LAC1","jams"
0,"LAC2","jams"
0.325481992061782,"LAP","jams"
0.0925626101762761,"LEN","jams"
0,"LGN","jams"
0,"LIP","jams"
0,"MAN","jams"
0.493560690775049,"MAP","jams"
0,"MAS","jams"
0.80256196361873,"MFP","jams"
0.0288129700107334,"MIP","jams"
0,"MOC","jams"
0,"MON","jams"
0,"NAC","jams"
0.0988117773029971,"NON","jams"
0.298397140730967,"NTE","jams"
0,"NTW","jams"
0,"OLC","jams"
0.139866666583609,"OLS","jams"
0,"PAG","jams"
0,"PAN","jams"
0.161259823854833,"PAP","jams"
0.00557245135344893,"PEG1","jams"
0,"PEG2","jams"
0,"SOP","jams"
0.149624765019626,"TOP","jams"
0,"TWR","jams"
0,"VAP","jams"
0,"WEP","jams"
0,"WOP","jams"
0,"LRAR-ALS1","lrar"
0,"LRAR-BUR1","lrar"
0,"LRAR-BUR2","lrar"
0,"LRAR-BUR3","lrar"
0,"LRAR-COM1","lrar"
0,"LRAR-CON1","lrar"
0,"LRAR-COO1","lrar"
0.631523953193774,"LRAR-CPL1","lrar"
0,"LRAR-DDT1","lrar"
0,"LRAR-DDT2","lrar"
0.737468001703902,"LRAR-EAS1","lrar"
0,"LRAR-EMR1","lrar"
0.0024551416137149,"LRAR-KNO1","lrar"
0,"LRAR-MAU2","lrar"
0,"LRAR-MUR1","lrar"
0,"LRAR-MUR2","lrar"
0,"LRAR-OTT1","lrar"
0,"LRAR-PIN1","lrar"
0,"LRAR-PIN2","lrar"
0,"LRAR-REB1","lrar"
0.141638004905956,"LRAR-RIC1","lrar"
0.897817900395327,"LRAR-RIV1","lrar"
0,"LRAR-ROS1","lrar"
0.00140304751866822,"LRAR-SHE1","lrar"
0.998709125703973,"LRAR-TMP1","lrar"
0,"LRAR-TRP1","lrar"
0,"LRAR-TRP2","lrar"
0,"LRAR-TRP3","lrar"
0,"LRAR-WIL1","lrar"
0,"MAWI-M01-AMF1","mawi"
0,"MAWI-M01-BRT1","mawi"
0.0345721219409967,"MAWI-M01-BRT2","mawi"
0.0903757069872017,"MAWI-M01-BRT3","mawi"
0.0269039376280339,"MAWI-M01-CCT2","mawi"
0.361044069730322,"MAWI-M01-CCT3","mawi"
0.749419884006177,"MAWI-M01-CCT4","mawi"
0,"MAWI-M01-POR1","mawi"
0,"MAWI-M01-POR2","mawi"
0,"MAWI-M01-RDP1","mawi"
0.819512038903364,"MAWI-M01-STC1","mawi"
0,"MAWI-M01-STC3","mawi"
0,"MAWI-M01-SWC1","mawi"
0,"MAWI-M01-SWC2","mawi"
0,"MAWI-M01-SWC3","mawi"
0.126137877016882,"MAWI-M01-SWC4","mawi"
0.218148873235125,"MAWI-M01-SWC5","mawi"
0.0454785280750083,"MAWI-M01-SWC6","mawi"
0.000710197627390735,"MAWI-M01-SWC7","mawi"
0,"MAWI-M01-SWC8","mawi"
0,"MAWI-M01-SWC9","mawi"
0,"MAWI-M01-UWH1","mawi"
0.111552669236448,"CalT01","mela"
0,"CalT02","mela"
0.164143984341831,"CalT03","mela"
0,"ED01","mela"
0,"ED03","mela"
0,"ED04","mela"
0.164657920845451,"ED05","mela"
0,"ED06","mela"
0,"ED07","mela"
0,"ED08","mela"
0,"ELMOD","mela"
0,"H01-AST1","mela"
0,"H01-BEA2","mela"
0.318283731936184,"H01-BGC1","mela"
0,"H01-CCH1","mela"
0.712602256854954,"H01-DEB1","mela"
0.334264674077309,"H01-DVG","mela"
0,"H01-FIR1","mela"
0,"H01-FLN1","mela"
0,"H01-FRE1","mela"
0,"H01-GSC1","mela"
0,"H01-HFR1","mela"
0.0965573357215689,"H01-HNP1","mela"
0,"H01-LTC1","mela"
0,"H01-OCC1","mela"
0.0761306508915681,"H01-OXY1","mela"
0,"H01-RHR1","mela"
0.0906594140517769,"H01-ROS1","mela"
0.0525378408799205,"H01-SPS1","mela"
0.00928933993978472,"H01-TMC1","mela"
0,"H01-WAV1","mela"
0,"H01-WTP1","mela"
0,"H01-WWD1","mela"
0,"IRC01","mela"
0,"IRC02","mela"
0,"IRC03","mela"
0,"IRC04","mela"
0,"IRC05","mela"
0,"IRC06","mela"
0,"IRC07","mela"
0,"OAK","mela"
0,"OCP02","mela"
0,"OCP03","mela"
0,"PW01","mela"
0,"SA","mela"
0.205825383341513,"NCAP-DC-ARB1","naca"
0.0764116129661724,"NCAP-DC-BEH1","naca"
0.761701811617386,"NCAP-DC-BHP1","naca"
0.241989135080808,"NCAP-DC-CHA1","naca"
0.160419406199802,"NCAP-DC-CON1","naca"
0,"NCAP-DC-FBP1","naca"
0,"NCAP-DC-FDU1","naca"
0.910516664829081,"NCAP-DC-FSP1","naca"
0.693189009863453,"NCAP-DC-KEN1","naca"
0,"NCAP-DC-NAT1","naca"
0,"NCAP-DC-NSP1","naca"
0.462376628386523,"NCAP-DC-OLV1","naca"
0.0958497637740929,"NCAP-DC-PBP1","naca"
0.855591716316061,"NCAP-DC-RCC1","naca"
0,"NCAP-DC-RCP1","naca"
0,"NCAP-DC-RCP2","naca"
0.0809999570456036,"NCAP-DC-RCP3","naca"
0.37557698322326,"NCAP-DC-SHE1","naca"
0,"NCAP-DC-SOV1","naca"
0.232833318648379,"NCAP-MD-BSP1","naca"
0,"NCAP-MD-CCC1","naca"
0,"NCAP-MD-CRG1","naca"
0.005306727439746,"NCAP-MD-CVH1","naca"
0.864232926077007,"NCAP-MD-FFP1","naca"
0.0825396766140193,"NCAP-MD-GCP1","naca"
0,"NCAP-MD-HCR1","naca"
0,"NCAP-MD-IST1","naca"
0.489292494209887,"NCAP-MD-KCP1","naca"
0,"NCAP-MD-LFP1","naca"
0,"NCAP-MD-LFP2","naca"
0,"NCAP-MD-LFP3","naca"
0.198197291693916,"NCAP-MD-MRC1","naca"
0,"NCAP-MD-NWP1","naca"
0.39299021275655,"NCAP-MD-PBP1","naca"
0.578211683595855,"NCAP-MD-PGM1","naca"
0.196166742965485,"NCAP-MD-RCP1","naca"
0,"NCAP-MD-RCS2","naca"
0,"NCAP-MD-SCG1","naca"
0.569699237673127,"NCAP-MD-SLC1","naca"
0.292129595998563,"NCAP-MD-SLP1","naca"
0,"NCAP-MD-SYC1","naca"
0,"NCAP-MD-TCC1","naca"
0.000739185974629041,"NCAP-MD-TPB1","naca"
0,"NCAP-MD-WMR1","naca"
0,"NCAP-VA-ANC1","naca"
0.634918627572811,"NCAP-VA-ARM1","naca"
0.379953780847734,"NCAP-VA-BAR1","naca"
0,"NCAP-VA-BBP1","naca"
0,"NCAP-VA-BLU1","naca"
0.00592105057377778,"NCAP-VA-BMP1","naca"
0.0115394718054085,"NCAP-VA-BSH1","naca"
0,"NCAP-VA-CPL1","naca"
0.581473686353432,"NCAP-VA-DAI1","naca"
0,"NCAP-VA-DOK1","naca"
0.135069588822993,"NCAP-VA-FMR1","naca"
0,"NCAP-VA-FTW1","naca"
0.121963547843321,"NCAP-VA-JDP1","naca"
0.11405243961867,"NCAP-VA-JPP1","naca"
0,"NCAP-VA-LBJ1","naca"
0.377494030295362,"NCAP-VA-LEE1","naca"
0,"NCAP-VA-LIC1","naca"
0,"NCAP-VA-LOF1","naca"
0,"NCAP-VA-MBL1","naca"
0,"NCAP-VA-MCC1","naca"
0,"NCAP-VA-MDP1","naca"
0,"NCAP-VA-MHP1","naca"
0.0320096734043284,"NCAP-VA-MON1","naca"
0.340077186674469,"NCAP-VA-MTV1","naca"
0,"NCAP-VA-POT1","naca"
0.0915446700892864,"NCAP-VA-PRC1","naca"
0,"NCAP-VA-RTP1","naca"
0,"NCAP-VA-TKY1","naca"
0,"NCAP-VA-TRI1","naca"
0,"NCAP-VA-UPT1","naca"
0,"NCAP-VA-WAR1","naca"
0,"01_T01","phaz"
0,"02_T02","phaz"
0,"03_T03","phaz"
0,"04_T04","phaz"
0,"05_T05","phaz"
0,"06_T06","phaz"
0,"07_T07","phaz"
0,"08_T08","phaz"
0,"09_T09","phaz"
0,"1_01_AF14","phaz"
0.270823219488461,"1_02_EME","phaz"
0,"1_03_EMW","phaz"
1,"1_04_J9","phaz"
0,"1_05_MCS","phaz"
0,"1_06_T21","phaz"
0,"1_07_UMP","phaz"
0,"1_08_V9","phaz"
0,"1_09_W19","phaz"
1,"1_10_GOAT","phaz"
0,"10_T10","phaz"
0,"11_T11","phaz"
0,"12_T12","phaz"
0,"13_T13","phaz"
0,"14_T14","phaz"
0,"15_T15","phaz"
0.687649867390484,"16_V01","phaz"
0.444865202066539,"17_V02","phaz"
0,"19_V04","phaz"
0,"2_01_AF19","phaz"
1,"2_02_E12","phaz"
0,"2_03_EMP","phaz"
0.705480686678332,"2_04_I17","phaz"
0,"2_05_MCN","phaz"
0,"2_06_PWP","phaz"
0,"2_07_SMW","phaz"
0,"2_08_TONTO","phaz"
0.756046887655472,"2_09_U13","phaz"
1,"2_10_WTM","phaz"
0.02320832019338,"20_V05","phaz"
0.374261461438521,"21_V06","phaz"
0.644715905225161,"22_V07","phaz"
0.281865228737424,"23_N01","phaz"
0.183074534850878,"24_N02","phaz"
0.34091118217357,"25_N03","phaz"
0.599923935101319,"26_V08","phaz"
0.505409525942821,"27_V09","phaz"
0.440120370601554,"28_V10","phaz"
0.56058052590051,"29_N04","phaz"
1,"3_01_AC16","phaz"
0.529890819921043,"3_02_AVE35","phaz"
0.701913525346103,"3_03_DBG","phaz"
0.737799188301918,"3_04_O17","phaz"
0,"3_05_R10","phaz"
0,"3_06_S9","phaz"
0.0216385159991006,"3_07_SME","phaz"
0,"3_08_W18","phaz"
0,"3_09_X12","phaz"
0,"3_10_Y10","phaz"
0.856679417068273,"30_V11","phaz"
1,"31_V12","phaz"
1,"32_V13","phaz"
1,"33_V14","phaz"
0.934090254356563,"34_N05","phaz"
0.700721378955952,"35_N06","phaz"
0.343040332376932,"36_N07","phaz"
0.15926630714509,"37_N08","phaz"
0,"38_N09","phaz"
0,"39_N10","phaz"
0,"4_01_AB20","phaz"
0.741370457446225,"4_02_AE19","phaz"
0.285383196476702,"4_03_R13","phaz"
1,"4_04_RIO","phaz"
0.382651171512932,"4_05_S14","phaz"
1,"4_06_V16","phaz"
0,"4_07_ASUW","phaz"
0.174185985257968,"4_08_Z20","phaz"
0.118194026354455,"4_09_AA17","phaz"
0,"4_10_AC19","phaz"
0,"40_N11","phaz"
0.00604816976599484,"41_V15","phaz"
0.913116878087053,"42_V16","phaz"
1,"43_V17","phaz"
0.178106914547389,"5_01_AD18","phaz"
0.344024095077958,"5_02_AB18","phaz"
0.28835071728505,"5_03_R14","phaz"
0,"5_04_Y19","phaz"
0.289056903673587,"5_05_T14","phaz"
0.950154551586239,"5_06_S16","phaz"
0.860288956440979,"5_07_TYARD","phaz"
0.336631961571237,"5_08_X18","phaz"
0.338436741827674,"5_09_U17","phaz"
0.303743758921808,"5_10_V17","phaz"
0,"POOR-E01-OB1","poor"
0,"POOR-E02-OB2","poor"
0.109515339989252,"POOR-E03-JCP","poor"
0.282407245160331,"POOR-E04-TJP","poor"
0.640053303744791,"POOR-E06-BEL","poor"
0.349633804668794,"POOR-E08-WFP","poor"
0.0380940745598166,"POOR-E11-BTP","poor"
0,"POOR-E12-128","poor"
0,"POOR-E13-PB1","poor"
0,"POOR-E15-PB3","poor"
0,"POOR-E17-JBP","poor"
0.173256101850626,"POOR-E18-SW7","poor"
0,"POOR-E19-MAP","poor"
0,"POOR-E20-HOR","poor"
0,"POOR-W01-GHP","poor"
0,"POOR-W02-MNP","poor"
0,"POOR-W03-CCP","poor"
0,"POOR-W04-WHA","poor"
0,"POOR-W09-TBP","poor"
0,"POOR-W10-HRP","poor"
0,"POOR-W11-TWP","poor"
0,"POOR-W13-BLP","poor"
0,"POOR-W14-PSF","poor"
0,"RCNY-C01-SNP1","rony"
0,"RCNY-C01-TPP1","rony"
0,"RCNY-C01-TPP2","rony"
0.162664198074673,"RCNY-C02-MWP1","rony"
0,"RCNY-C02-SNP2","rony"
0,"RCNY-L01-BBP1","rony"
0,"RCNY-L01-RWA1","rony"
0,"RCNY-L02- BPP1","rony"
0,"RCNY-L03-BRP1","rony"
0,"RCNY-L03-OBP1","rony"
0,"RCNY-L04-DEB1","rony"
0,"RCNY-L04-DEP1","rony"
0,"RCNY-L04-DEP2","rony"
0.768975513987686,"RCNY-S01-BSP1","rony"
0.473148721406497,"RCNY-S01-GGP1","rony"
0.654928089334548,"RCNY-S01-HFP1","rony"
0.0517827419536534,"RCNY-S01-HLP1","rony"
0.305650410214578,"RCNY-S01-MHC1","rony"
0,"RCNY-S02-GVP1","rony"
0,"RCNY-S02-GVP2","rony"
0,"RCNY-S03-BDP1","rony"
0,"RCNY-S03-RIT1","rony"
0,"RCNY-S03-RIT2","rony"
1,"BBP","safl"
0,"BH1","safl"
0,"BH2","safl"
0,"BH3","safl"
0,"BTP","safl"
0.962134592730232,"CFZ","safl"
0,"CW3","safl"
0,"CWA","safl"
0.711099679699425,"EST","safl"
0,"FLM","safl"
0,"FT5","safl"
0.375823701529513,"FT6","safl"
0,"FTG","safl"
0.796365353846427,"L68","safl"
0.688242309058289,"LE1","safl"
0.681155026598377,"LE2","safl"
0.746243266144007,"LE4","safl"
0,"LMP","safl"
0.183960314341101,"NLJ","safl"
0.989991214578036,"RPM","safl"
0,"SCI","safl"
0,"SCP","safl"
0,"SCT","safl"
0.775280582919105,"TCB","safl"
0,"TCP","safl"
0.090349016561648,"TWL","safl"
0,"WTP","safl"
0,"YCA","safl"
0,"BC_03","scut"
0,"BC_07","scut"
0,"BC_08","scut"
0,"BC_10","scut"
0,"BC_11","scut"
0,"BC_12","scut"
0,"BC_18.2019","scut"
0,"BC_24.2019","scut"
0,"BC_25","scut"
0,"BC_26.2019","scut"
0,"BC_28.2019","scut"
0,"BC_33.2019","scut"
0,"BC_34","scut"
0,"BC_38.2019","scut"
0,"BC_40.2019","scut"
0,"BC_42.2019","scut"
0.221043268241512,"Big Cottonwood Regional Park Wetlands.2019","scut"
0,"Bonneville Golf Course.2019","scut"
0,"CC_01","scut"
0,"CC_05","scut"
0,"CC_06.2019","scut"
0,"CC_09","scut"
0,"CC_11","scut"
0,"CC_13.2019","scut"
0,"CC_14.2019","scut"
0.00395895925337432,"Creekside Park.2019","scut"
0,"Crestwood Park.2019","scut"
0,"DC_01","scut"
0,"DC_03.2019","scut"
0,"DD_05.2019","scut"
0,"DD_06.2019","scut"
0.2076669658251,"DD_07.2019","scut"
0,"EM_01","scut"
0,"EM_04","scut"
0,"EM_05","scut"
0,"EM_08","scut"
0.473904386464284,"General Holm Park N.2019","scut"
0.965757441784233,"JR_02","scut"
0.520984197947722,"JR_06.2019","scut"
0.0370042410133727,"JR_07","scut"
0.733645397192162,"JR_08","scut"
0.871527784195403,"JR_09","scut"
0,"JR_12.2019","scut"
0,"JR_13.2019","scut"
0.573956123130199,"JRP_02","scut"
0,"LC_02","scut"
0,"LC_07","scut"
0,"LC_09.2019","scut"
0,"LC_12.2019","scut"
0,"LC_14","scut"
0,"LC_15","scut"
0,"LC_16.2019","scut"
0,"LC_18","scut"
0,"LC_20","scut"
0,"LC_22.2019","scut"
0.196066685383669,"Little Confluence.2019","scut"
0,"Lost Lad.2019","scut"
0,"MC_02","scut"
0,"MC_06","scut"
0,"MC_08","scut"
0,"MC_09.2019","scut"
0,"MC_14","scut"
0,"MC_15","scut"
0,"MC_18","scut"
0,"MC_19","scut"
0,"MC_21","scut"
0,"MCBC_03.2019","scut"
0,"MCBC_04.2019","scut"
0,"MCBC_05.2019","scut"
0,"MCBC_10.2019","scut"
0,"Mount Wire Ridgeline.2019","scut"
0.429700326568859,"Oxbow.2019","scut"
0,"Parley's Point.2019","scut"
0,"PC_01","scut"
0,"PC_02.2019","scut"
0,"PC_03.2019","scut"
0,"PC_04","scut"
0,"PC_06.2019","scut"
0,"PC_08.2019","scut"
0,"PC_09.2019","scut"
0,"PC_14","scut"
0,"PC_15","scut"
0,"PC_16.2019","scut"
0,"PC_17","scut"
0,"PC_18.2019","scut"
0,"PC_20.2019","scut"
0,"PC_22","scut"
0,"PC_26","scut"
0,"PC_27","scut"
0,"PC_29","scut"
0,"PC_31.2019","scut"
0,"RB_08","scut"
0,"RB_09","scut"
0,"RB_10","scut"
0,"Spring Gulch","scut"
0,"Sunnyside Park.2019","scut"
0,"Upper Hell Canyon","scut"
0.157537528219592,"WF_02.2019","scut"
0,"WF_03.2019","scut"
0,"BGP1","sewa"
0.633725262969629,"BRF1","sewa"
0,"DOS1","sewa"
0,"DRP2","sewa"
0,"DSP1","sewa"
0.432107870471672,"DWP1","sewa"
0.433099239850492,"FGL1","sewa"
0,"FRD1","sewa"
0.351229624756191,"HCN1","sewa"
0.0733129724258793,"HFW1","sewa"
0,"IRP1","sewa"
0,"JBP1","sewa"
0,"LTP1","sewa"
0,"LWP2","sewa"
0,"MBC1","sewa"
0,"MGP1","sewa"
0,"MPO1","sewa"
0.205509948002813,"MSR1","sewa"
0.543774835091298,"MWP1","sewa"
0,"NRP1","sewa"
0.0874508608707006,"PGP2","sewa"
0,"PHY1","sewa"
0,"RHF1","sewa"
0.0288676336062747,"RVP1","sewa"
0,"RWP1","sewa"
0.0680656817248437,"SVP1","sewa"
0,"SWD1","sewa"
0,"TCC1","sewa"
0,"TMF1","sewa"
0.267268097052243,"TMP1","sewa"
0,"TRN1","sewa"
0,"WCP2","sewa"
0.0588170176221776,"WDG1","sewa"
0.419776557552917,"ARH1","slmo"
0,"BBP1","slmo"
0,"BDP1","slmo"
0.791948266811267,"BEN1","slmo"
0.231954112302979,"CHP1","slmo"
0,"EMG1","slmo"
0,"FRP1","slmo"
0,"KWP1","slmo"
0.651419270987402,"LAF1","slmo"
0.533626554222314,"LKL1","slmo"
0.256929522555062,"MEP1","slmo"
0,"MLP1","slmo"
0,"OWP1","slmo"
0,"PVC1","slmo"
0,"RBP1","slmo"
0.0866052001943081,"RDP1","slmo"
0.626153893153972,"RRC1","slmo"
0,"RSP1","slmo"
0.00362974718037643,"RSP2","slmo"
0,"SHC1","slmo"
0,"SSP1","slmo"
0,"SWP1","slmo"
0.969301736384413,"TGP1","slmo"
0.497330600784824,"TGP2","slmo"
0.320331974608228,"TLP1","slmo"
0,"TRC1","slmo"
0,"TRC2","slmo"
0,"TRC3","slmo"
0.967080939998005,"TRP1","slmo"
0,"UGP1","slmo"
0,"WBC1","slmo"
0,"WBS1","slmo"
0,"WTP1","slmo"
0,"WTP2","slmo"
3.51606943432953e-06,"WTP3","slmo"
0,"B-TP","tawa"
0.0610070926563602,"G-CBP1","tawa"
0,"G-CLP2","tawa"
0.0733398747715712,"G-FP1","tawa"
0.975153146729857,"G-IP","tawa"
0,"G-JP","tawa"
0,"G-KP","tawa"
0.489954062202411,"G-OTP","tawa"
0,"G-SB","tawa"
0.914439642894759,"G-SERA","tawa"
0.947265885643829,"G-SP","tawa"
0,"G-TNC2","tawa"
0,"G-VP","tawa"
0.201180579454074,"G-WLP2","tawa"
0.0639199262320571,"G-WP2","tawa"
0.0198780296193341,"P-BLP","tawa"
0,"P-CCP","tawa"
0,"P-CUP","tawa"
0,"P-DPV","tawa"
0,"P-GP","tawa"
0.00124441268319352,"P-GW1","tawa"
0,"P-JCP","tawa"
0.518566163115578,"P-LCC","tawa"
0.585783996354186,"P-MCP","tawa"
0.0484872462202371,"P-MKP2","tawa"
0,"P-OB","tawa"
0,"P-OLT","tawa"
0,"P-OV2","tawa"
0,"P-PCNA1","tawa"
0,"P-PDP","tawa"
0,"P-RP","tawa"
0.720054871269149,"P-RT","tawa"
0,"P-RWSR","tawa"
0.604462449635937,"P-SCP1","tawa"
0,"P-STP","tawa"
0,"P-TE1","tawa"
0.0345201805085715,"P-UCC","tawa"
0.464976195723279,"P-UWT","tawa"
0.142719209332262,"P-WBC","tawa"
0.24867863404975,"P-WP","tawa"
0.586968526582208,"P-WWP","tawa"
0.0513251605414452,"UT10a-MA","uril"
0,"UT11b-PN","uril"
0,"UT12a-CW","uril"
0,"UT13b-EX","uril"
0,"UT14a-FF","uril"
0,"UT15a-FP","uril"
0,"UT16a-BC","uril"
0,"UT17a-SW","uril"
0,"UT17b-SW","uril"
0,"UT18a-WT","uril"
0,"UT19a-ND","uril"
0,"UT1a-HL1","uril"
0,"UT20b-EF","uril"
0,"UT21a-PR","uril"
0.0128415184989743,"UT22a-CS","uril"
0.735159797153473,"UT23a-BU","uril"
0,"UT24a-MB","uril"
0.113983908977829,"UT25a-HH","uril"
0,"UT26a-JH","uril"
0,"UT27a-RB","uril"
0,"UT28a-SH1","uril"
0,"UT29a-SH2","uril"
0,"UT2a-HL2","uril"
0,"UT30b-AZ","uril"
0,"UT31a-VM","uril"
0,"UT32a-DB","uril"
0,"UT33a-CR","uril"
0,"UT34a-SY","uril"
0,"UT3a-HL3","uril"
0,"UT4a-HL4","uril"
0,"UT5a-TW","uril"
0,"UT6a-PT","uril"
0,"UT7a-BR","uril"
0,"UT8a-WL","uril"
0,"UT9a-CO","uril"
0,"ASP","wide"
0,"BCP","wide"
0,"BKP","wide"
0.349059380820558,"BNP","wide"
0.32542967023913,"BNP3","wide"
0,"BRG","wide"
0.29938644321386,"CBP2","wide"
1,"CMP","wide"
0.524443822872578,"CWP","wide"
0.626976291469426,"DEC","wide"
0,"FLW","wide"
0.480732177266861,"FZS","wide"
0,"GLP2","wide"
0,"JSC","wide"
0,"LMC","wide"
0,"LMR2","wide"
0,"MAR","wide"
0.478666839827436,"MRP","wide"
0,"RPL3","wide"
0.280326378564555,"RPW","wide"
0.461914797634033,"RVC","wide"
0,"SBP","wide"
0.248124778919254,"SLP","wide"
0,"SMP","wide"
0,"SSL2","wide"
0,"SSL3","wide"
0.262829680076961,"WBC","wide"
0,"WIDE-A08-GLP1","wide"
0,"WIN2","wide"
